{"cameraMode":{"drawMode":0,"name":"Shaded","section":"Shading Mode"},"sceneLighting":false,"audioPlay":false,"sceneViewState":{"m_AlwaysRefresh":false,"showFog":true,"showSkybox":false,"showFlares":true,"showImageEffects":true,"showParticleSystems":true,"showVisualEffectGraphs":true,"m_FxEnabled":true},"in2DMode":false,"pivot":{"x":0.12218106538057327,"y":0.24225421249866486,"z":-0.03805200383067131},"rotation":{"x":-0.036323174834251407,"y":-0.5817496180534363,"z":-0.026016924530267717,"w":0.8121411800384522},"size":0.03504708781838417,"orthographic":false}