{"cameraMode":{"drawMode":0,"name":"Shaded","section":"Shading Mode"},"sceneLighting":false,"audioPlay":false,"sceneViewState":{"m_AlwaysRefresh":false,"showFog":true,"showSkybox":false,"showFlares":true,"showImageEffects":true,"showParticleSystems":true,"showVisualEffectGraphs":true,"m_FxEnabled":true},"in2DMode":false,"pivot":{"x":0.030422165989875795,"y":-0.02631080150604248,"z":-0.03678051009774208},"rotation":{"x":-0.3441047966480255,"y":0.009858361445367337,"z":-0.003613780252635479,"w":-0.9388737678527832},"size":0.10662784427404404,"orthographic":false}