{"cameraMode":{"drawMode":0,"name":"Shaded","section":"Shading Mode"},"sceneLighting":true,"audioPlay":false,"sceneViewState":{"m_AlwaysRefresh":false,"showFog":true,"showSkybox":true,"showFlares":true,"showImageEffects":true,"showParticleSystems":true,"showVisualEffectGraphs":true,"m_FxEnabled":true},"in2DMode":false,"pivot":{"x":-1.393103837966919,"y":2.050546407699585,"z":-1.4285367727279664},"rotation":{"x":-0.007429900579154491,"y":0.9925395846366882,"z":-0.08957350999116898,"w":-0.08235000818967819},"size":0.8651134371757507,"orthographic":false}