{"cameraMode":{"drawMode":0,"name":"Shaded","section":"Shading Mode"},"sceneLighting":true,"audioPlay":false,"sceneViewState":{"m_AlwaysRefresh":false,"showFog":true,"showSkybox":false,"showFlares":true,"showImageEffects":true,"showParticleSystems":true,"showVisualEffectGraphs":true,"m_FxEnabled":true},"in2DMode":false,"pivot":{"x":-56.666465759277347,"y":-33.509002685546878,"z":-60.90223693847656},"rotation":{"x":0.0811372920870781,"y":-0.9081607460975647,"z":0.20814689993858338,"w":0.35402143001556399},"size":40.237388610839847,"orthographic":false}