{"cameraMode":{"drawMode":0,"name":"Shaded","section":"Shading Mode"},"sceneLighting":false,"audioPlay":false,"sceneViewState":{"m_AlwaysRefresh":false,"showFog":true,"showSkybox":false,"showFlares":true,"showImageEffects":true,"showParticleSystems":true,"showVisualEffectGraphs":true,"m_FxEnabled":true},"in2DMode":false,"pivot":{"x":-0.03962485492229462,"y":-0.1153319925069809,"z":0.17044185101985932},"rotation":{"x":-0.6940168738365173,"y":0.21055541932582856,"z":0.22452840209007264,"w":0.6508359313011169},"size":0.03471162170171738,"orthographic":false}