{"cameraMode":{"drawMode":0,"name":"Shaded","section":"Shading Mode"},"sceneLighting":false,"audioPlay":false,"sceneViewState":{"m_AlwaysRefresh":false,"showFog":true,"showSkybox":false,"showFlares":true,"showImageEffects":true,"showParticleSystems":true,"showVisualEffectGraphs":true,"m_FxEnabled":true},"in2DMode":false,"pivot":{"x":-0.0016749966889619828,"y":0.19941860437393189,"z":-0.05024832487106323},"rotation":{"x":-0.05043966323137283,"y":-0.7619796991348267,"z":0.05978817120194435,"w":-0.6428479552268982},"size":0.21932397782802583,"orthographic":false}